"Trial","Subject_Time","Cue_Pos","Target_Pos"
"Valid-300","0.26626","0,8","0,8"
"Invalid-300","0.30476","4,0","8,0"
"Invalid-300","0.24846","12,4","4,8"
"Valid-100","0.42758","8,0","8,0"
"Valid-300","0.28068","0,12","0,12"
"Invalid-100","0.36875","8,12","12,4"
"Valid-300","0.3306","8,8","8,8"
"Invalid-300","0.07794","12,8","8,8"
"Valid-100","0.48963","0,4","0,4"
"Valid-100","0.3734","12,4","12,4"
"Valid-100","0.41928","4,0","4,0"
"Valid-300","0.27832","12,0","12,0"
"Invalid-100","0.5397","4,0","0,12"
"Valid-100","0.35333","8,4","8,4"
"Valid-300","0.29923","0,8","0,8"
"Invalid-300","0.23897","0,8","12,8"
"Valid-100","0.41354","8,0","8,0"
"Valid-300","0.26237","8,4","8,4"
"Valid-300","0.25267","12,0","12,0"
"Invalid-100","0.35089","12,12","4,4"
"Valid-100","0.35804","12,8","12,8"
"Valid-100","0.29597","0,4","0,4"
"Invalid-300","0.27204","4,4","12,12"
"Invalid-100","0.53607","0,12","8,12"
"Valid-300","0.25973","4,4","4,4"
"Invalid-100","0.29806","8,4","4,4"
"Invalid-300","0.25321","0,12","0,4"
"Invalid-100","0.30617","0,8","0,0"
"Invalid-100","0.388","4,0","12,0"
"Valid-100","0.34066","12,4","12,4"
"Invalid-100","0.32673","8,0","4,4"
"Invalid-300","0.29337","8,12","4,4"
"Invalid-100","0.27965","12,0","8,0"
"Valid-300","0.26486","8,4","8,4"
"Valid-300","0.13014","8,0","8,0"
"Valid-100","0.45296","0,4","0,4"
"Valid-100","0.3281","12,0","12,0"
"Valid-300","0.15396","0,12","0,12"
"Valid-300","0.34289","12,4","12,4"
"Invalid-100","0.34112","0,0","4,0"
"Valid-100","0.31493","12,0","12,0"
"Valid-300","0.20032","12,8","12,8"
"Valid-100","0.43209","4,8","4,8"
"Invalid-100","0.31897","4,4","0,8"
"Valid-100","0.38344","8,8","8,8"
"Valid-300","0.29489","4,4","4,4"
"Invalid-100","0.28248","4,12","8,8"
"Invalid-300","0.31946","4,12","12,0"
"Invalid-100","0.37309","8,0","8,8"
"Invalid-300","0.32483","0,8","12,4"
"Invalid-100","0.22459","12,8","8,8"
"Invalid-100","0.46158","0,12","4,12"
"Valid-100","0.33529","0,4","0,4"
"Valid-100","0.36498","4,4","4,4"
"Invalid-100","0.36226","8,8","8,0"
"Valid-300","0.29158","8,0","8,0"
"Valid-100","0.34473","0,12","0,12"
"Valid-300","0.28684","4,8","4,8"
"Invalid-100","0.3945","8,4","12,8"
"Invalid-300","0.29667","8,0","8,12"
"Valid-100","0.27294","4,8","4,8"
"Invalid-300","0.118","8,8","4,4"
"Valid-100","0.42549","0,8","0,8"
"Invalid-100","0.36267","0,4","4,0"
"Invalid-100","0.31846","8,12","12,8"
"Invalid-300","0.33162","8,12","8,4"
"Invalid-100","0.23898","12,0","8,4"
"Valid-300","0.42389","4,12","4,12"
"Valid-100","0.31676","8,0","8,0"
"Valid-100","0.31671","4,12","4,12"
"Invalid-300","0.45064","8,4","4,8"
"Valid-300","0.067988","12,12","12,12"
"Valid-300","0.35305","0,12","0,12"
"Invalid-300","0.29256","4,4","0,12"
"Invalid-100","0.43063","4,0","4,0"
"Invalid-100","0.25779","12,12","12,12"
"Valid-100","0.35709","4,0","4,0"
"Valid-300","0.059779","0,4","0,4"
"Valid-100","0.46683","4,0","4,0"
"Valid-300","0.43868","4,8","4,8"
"Valid-300","0.060846","0,0","0,0"
"Invalid-300","0.39179","0,0","4,12"
"Valid-100","0.40363","12,12","12,12"
"Valid-100","0.4611","4,12","4,12"
"Valid-300","0.32354","8,8","8,8"
"Invalid-100","0.33377","8,12","8,4"
"Valid-300","0.36243","8,4","8,4"
"Invalid-300","0.17958","8,4","0,0"
"Invalid-100","0.4113","8,0","0,8"
"Invalid-100","0.44574","8,8","4,0"
"Invalid-300","0.06324","8,4","4,8"
"Invalid-100","0.42042","8,4","12,8"
"Invalid-100","0.31462","12,8","8,8"
"Valid-300","0.1437","8,8","8,8"
"Invalid-100","0.45113","12,8","4,8"
"Invalid-300","0.30255","0,8","8,4"
"Valid-300","0.25733","4,0","4,0"
"Valid-300","0.27259","8,12","8,12"
"Valid-300","0.081896","8,12","8,12"
"Invalid-300","0.26166","8,12","0,0"
"Valid-100","0.37055","0,8","0,8"
"Invalid-100","0.2697","0,8","4,0"
"Invalid-300","0.29526","4,8","8,4"
"Invalid-300","0.25812","12,12","12,0"
"Valid-100","0.40733","0,0","0,0"
"Valid-100","0.37428","8,0","8,0"
"Valid-300","0.35688","8,12","8,12"
"Invalid-100","0.39401","12,8","4,4"
"Valid-300","0.37149","8,4","8,4"
"Invalid-100","0.33386","8,12","0,4"
"Invalid-100","0.41141","8,8","0,12"
"Valid-100","0.42619","12,12","12,12"
"Valid-300","0.28274","4,4","4,4"
"Valid-300","0.26776","4,8","4,8"
"Valid-300","0.30145","4,4","4,4"
"Invalid-100","0.31041","8,0","0,12"
"Invalid-100","0.40445","4,8","4,12"
"Invalid-300","0.3516","0,0","4,4"
"Invalid-100","0.42662","12,4","12,12"
"Invalid-300","0.2625","4,4","12,12"
"Valid-100","0.36378","4,8","4,8"
"Invalid-300","0.36027","12,12","4,8"
"Invalid-100","0.37382","8,4","12,8"
"Valid-100","0.4488","12,12","12,12"
"Invalid-300","0.2818","12,8","8,12"
"Valid-300","0.25916","12,4","12,4"
"Valid-100","0.3509","0,4","0,4"
"Valid-300","0.25728","4,4","4,4"
"Invalid-300","0.056839","12,8","4,12"
"Valid-100","0.52783","8,12","8,12"
"Valid-100","0.33774","0,8","0,8"
"Invalid-100","0.36919","8,4","0,0"
"Valid-100","0.36434","4,0","4,0"
"Invalid-300","0.32177","0,12","8,12"
"Valid-300","0.25139","12,4","12,4"
"Invalid-300","0.30618","8,8","12,4"
"Valid-100","0.44794","12,0","12,0"
"Valid-300","0.36964","12,8","12,8"
"Valid-300","0.27557","12,0","12,0"
"Invalid-300","0.25053","4,0","0,0"
"Invalid-300","0.28179","4,0","8,8"
"Valid-300","0.32404","12,8","12,8"
"Valid-100","0.57302","8,8","8,8"
"Valid-100","0.28884","8,4","8,4"
"Valid-300","0.30136","8,8","8,8"
"Invalid-300","0.29582","8,0","12,0"
"Valid-300","0.12155","12,12","12,12"
"Valid-300","0.34189","12,4","12,4"
"Valid-100","0.36229","0,12","0,12"
"Invalid-100","0.38187","12,8","12,8"
"Valid-300","0.34042","0,0","0,0"
"Valid-100","0.32606","8,8","8,8"
"Invalid-100","0.33488","8,8","0,12"
"Valid-100","0.35446","4,0","4,0"
"Valid-100","0.36571","0,8","0,8"
"Valid-100","0.40727","0,4","0,4"
"Valid-300","0.37711","0,12","0,12"
"Valid-300","0.062115","4,12","4,12"
"Valid-300","0.31239","8,0","8,0"
"Invalid-100","0.3168","8,12","0,8"
"Invalid-300","0.33274","4,0","12,4"
"Valid-100","0.35801","4,12","4,12"
"Valid-300","0.34218","8,12","8,12"
"Valid-100","0.35429","4,4","4,4"
"Valid-100","0.36959","12,0","12,0"
"Valid-100","0.34493","0,8","0,8"
"Valid-300","0.26754","0,4","0,4"
"Valid-100","0.4474","8,8","8,8"
"Valid-300","0.27988","12,4","12,4"
"Valid-100","0.42615","8,0","8,0"
"Invalid-300","0.34653","12,8","12,0"
"Invalid-300","0.206","12,8","8,12"
"Invalid-100","0.34161","0,4","0,4"
"Invalid-300","0.21802","0,12","4,12"
"Invalid-100","0.30851","4,12","4,0"
"Valid-100","0.32563","8,4","8,4"
"Valid-300","0.36503","12,8","12,8"
"Invalid-100","0.38355","12,8","4,4"
"Valid-100","0.33753","0,12","0,12"
"Invalid-100","0.3436","8,4","12,4"
"Invalid-300","0.26133","0,8","8,12"
"Invalid-300","0.20873","8,0","4,12"
"Invalid-100","0.35396","4,4","12,12"
"Valid-100","0.34175","12,8","12,8"
"Invalid-100","0.36815","0,4","0,12"
"Invalid-100","0.33121","8,12","0,4"
"Invalid-300","0.28171","0,0","8,4"
"Invalid-300","0.24589","4,0","0,8"
"Valid-300","0.15115","8,0","8,0"
"Valid-100","0.33516","8,12","8,12"
"Invalid-100","0.35042","8,8","0,4"
"Invalid-300","0.25607","0,0","0,8"
"Valid-100","0.30679","0,0","0,0"
"Valid-100","0.33955","4,4","4,4"
"Valid-100","0.34271","12,4","12,4"
"Invalid-100","0.3135","0,8","4,0"
"Invalid-300","0.25954","0,8","4,8"
"Valid-100","0.3459","4,12","4,12"
"Valid-100","0.31948","4,12","4,12"
"Valid-300","0.14184","4,0","4,0"
"Valid-100","0.37677","8,4","8,4"
"Invalid-300","0.074496","0,8","12,4"
"Valid-100","0.42041","8,12","8,12"
"Invalid-100","0.36014","12,8","4,12"
"Valid-100","0.39925","12,12","12,12"
"Valid-300","0.34144","0,12","0,12"
"Valid-300","0.24197","8,8","8,8"
"Valid-300","0.13119","8,0","8,0"
"Invalid-100","0.36533","12,12","8,0"
"Invalid-100","0.32528","8,12","0,12"
"Invalid-100","0.33959","12,12","8,8"
"Valid-100","0.33932","8,0","8,0"
"Valid-300","0.36801","0,4","0,4"
"Invalid-300","0.1614","4,0","12,12"
"Valid-100","0.41479","8,0","8,0"
"Valid-100","0.48841","0,8","0,8"
"Invalid-300","0.34742","12,12","8,4"
"Invalid-300","0.20049","0,4","0,8"
"Valid-300","0.20402","0,8","0,8"
"Valid-300","0.19879","4,8","4,8"
"Valid-300","0.31623","12,12","12,12"
"Invalid-100","0.36143","8,0","8,0"
"Invalid-300","0.29806","12,0","0,8"
"Invalid-100","0.39377","4,8","8,4"
"Invalid-300","0.12017","8,8","4,8"
"Valid-100","0.44068","0,0","0,0"
"Valid-100","0.37299","12,12","12,12"
"Valid-300","0.3306","4,4","4,4"
"Valid-300","0.29115","0,0","0,0"
"Valid-100","0.32645","4,0","4,0"
"Valid-100","0.36877","12,12","12,12"
"Invalid-100","0.42761","4,12","8,12"
"Invalid-100","0.34728","0,8","0,8"
"Invalid-300","0.29897","0,8","4,12"
"Invalid-300","0.38693","8,8","4,4"
"Invalid-300","0.13886","8,0","4,4"
"Valid-100","0.33702","8,4","8,4"
"Valid-100","0.361","12,0","12,0"
"Invalid-300","0.34682","4,12","4,0"
"Invalid-100","0.3265","12,12","4,12"
"Valid-300","0.32658","0,12","0,12"
"Invalid-100","0.34686","4,4","8,8"
"Invalid-100","0.40716","0,12","12,12"
"Valid-100","0.37045","8,0","8,0"
"Valid-100","0.32089","0,4","0,4"
"Invalid-100","0.42672","0,12","8,4"
"Valid-300","0.3024","8,0","8,0"
"Valid-300","0.21645","0,8","0,8"
"Valid-100","0.3722","0,4","0,4"
"Valid-100","0.37528","0,8","0,8"
"Invalid-100","0.26402","0,4","4,8"
"Valid-100","0.45339","4,8","4,8"
"Invalid-300","0.25319","4,12","8,0"
"Valid-100","0.20443","8,12","8,12"
"Valid-100","0.33505","0,0","0,0"
"Valid-300","0.7958","12,4","12,4"
"Invalid-100","0.521","8,12","0,4"
"Invalid-300","0.22774","8,8","0,4"
"Invalid-100","0.41061","4,12","0,8"
"Invalid-100","0.35321","8,4","12,0"
"Valid-300","0.10922","4,4","4,4"
"Invalid-100","0.40797","0,4","0,4"
"Invalid-300","0.22839","12,12","4,8"
"Invalid-100","0.29469","8,4","8,12"
"Valid-300","0.20679","12,8","12,8"
"Invalid-100","0.37086","4,8","4,0"
"Invalid-100","0.34448","4,4","8,12"
"Invalid-100","0.34779","12,12","4,4"
"Valid-100","0.33416","0,4","0,4"
"Invalid-100","0.38646","4,12","8,4"
"Invalid-300","0.29239","12,0","4,0"
"Valid-300","0.11303","0,0","0,0"
"Invalid-300","0.24764","12,12","12,12"
"Valid-300","0.16316","0,8","0,8"
"Valid-100","0.36641","4,0","4,0"
"Invalid-300","0.12627","0,8","0,4"
"Valid-300","0.25799","0,4","0,4"
"Invalid-100","0.37658","12,4","8,0"
"Invalid-300","0.25296","0,4","8,12"
"Valid-100","0.35012","8,4","8,4"
"Valid-300","0.069926","12,8","12,8"
"Valid-300","0.19562","0,4","0,4"
"Valid-300","0.26026","4,8","4,8"
"Invalid-100","0.32299","4,4","0,0"
"Valid-100","0.31994","4,12","4,12"
"Valid-300","0.13259","12,4","12,4"
"Valid-100","0.36035","12,0","12,0"
"Invalid-300","0.20341","12,4","8,8"
"Valid-100","0.34567","4,4","4,4"
"Valid-100","0.29685","12,12","12,12"
"Invalid-300","0.14688","0,12","8,4"
"Valid-300","0.16088","8,0","8,0"
"Invalid-100","0.3578","4,4","12,8"
"Invalid-300","0.22835","4,8","12,12"
"Invalid-100","0.30591","12,8","8,4"
"Invalid-100","0.28451","12,0","0,12"
"Valid-300","0.20067","12,4","12,4"
"Invalid-300","0.22944","4,8","0,0"
"Valid-300","0.13715","8,4","8,4"
"Valid-100","0.39347","4,4","4,4"
"Invalid-100","0.29092","0,12","0,0"
"Invalid-100","0.21931","8,0","12,8"
"Valid-300","0.23632","8,0","8,0"
"Invalid-300","0.15725","0,4","4,12"
"Valid-100","0.33397","12,4","12,4"
"Valid-100","0.33313","4,8","4,8"
"Valid-100","0.37816","8,4","8,4"
"Valid-300","0.34595","0,12","0,12"
"Valid-300","0.34329","4,8","4,8"
"Valid-300","0.2925","4,4","4,4"
"Invalid-300","0.24995","0,12","12,12"
"Invalid-300","0.3246","12,12","4,4"
"Valid-300","0.34537","8,8","8,8"
"Invalid-100","0.32933","8,12","0,0"
"Invalid-100","0.44882","4,0","12,8"
"Valid-100","0.32087","12,0","12,0"
"Valid-100","0.3383","8,12","8,12"
"Invalid-300","0.37235","12,12","0,8"
"Valid-100","0.31796","12,0","12,0"
"Invalid-300","0.28482","8,4","8,12"
"Invalid-300","0.13556","12,4","8,8"
"Invalid-100","0.37291","0,4","0,0"
"Valid-100","0.36308","0,12","0,12"
"Invalid-300","0.27789","8,8","4,8"
"Invalid-300","0.25618","4,4","12,0"
"Invalid-300","0.26679","8,4","12,12"
"Valid-300","0.30898","4,8","4,8"
"Invalid-100","0.32487","0,0","8,4"
"Invalid-100","0.34661","8,12","8,8"
"Valid-300","0.32675","12,12","12,12"
"Valid-300","0.25382","8,12","8,12"
"Valid-100","0.38258","8,12","8,12"
"Invalid-300","0.25779","8,0","4,8"
"Invalid-100","0.31533","12,0","12,4"
"Invalid-100","0.30326","4,0","0,0"
"Invalid-100","0.37181","0,4","8,0"
"Valid-300","0.33148","12,12","12,12"
"Invalid-300","0.2498","0,12","12,4"
"Valid-100","0.33723","12,12","12,12"
"Valid-300","0.30599","4,8","4,8"
"Valid-100","0.3368","8,0","8,0"
"Valid-300","0.31705","4,12","4,12"
"Valid-300","0.14848","4,0","4,0"
"Valid-100","0.37749","0,0","0,0"
"Invalid-300","0.25741","12,8","12,0"
"Valid-100","0.34067","0,8","0,8"
"Invalid-100","0.33759","0,8","0,0"
"Valid-100","0.40944","12,4","12,4"
"Valid-300","0.32819","0,12","0,12"
"Invalid-100","0.3612","12,12","0,4"
"Valid-100","0.3911","4,8","4,8"
"Invalid-300","0.29166","8,12","8,8"
"Invalid-100","0.39776","0,8","0,12"
"Invalid-100","0.52577","4,0","12,0"
"Invalid-100","0.29364","12,8","12,4"
"Invalid-100","0.33927","0,4","12,4"
"Valid-300","0.32969","12,4","12,4"
"Invalid-100","0.36484","8,8","12,0"
"Invalid-300","0.28124","0,4","8,4"
"Invalid-100","0.37756","12,8","12,12"
"Invalid-100","0.34467","12,8","8,12"
"Valid-300","0.3118","12,0","12,0"
"Valid-300","0.15783","4,8","4,8"
"Invalid-300","0.27844","4,8","4,4"
"Valid-300","0.35738","4,0","4,0"
"Invalid-100","0.34801","12,0","12,8"
"Invalid-300","0.30453","8,0","0,12"
"Valid-300","0.16205","4,8","4,8"
"Invalid-100","0.38251","4,12","8,0"
"Valid-300","0.33674","8,8","8,8"
"Valid-100","0.38228","8,4","8,4"
"Invalid-100","0.42338","4,8","0,0"
"Invalid-300","0.31144","8,0","4,12"
"Valid-100","0.3373","8,0","8,0"
"Valid-100","0.36743","12,8","12,8"
"Invalid-100","0.44576","8,8","12,8"
"Valid-300","0.29155","4,0","4,0"
"Invalid-100","0.3133","12,4","4,0"
"Valid-100","0.38771","12,0","12,0"
"Invalid-100","0.43895","12,0","8,4"
"Valid-300","0.41322","8,8","8,8"
"Valid-300","0.3237","4,8","4,8"
"Valid-100","0.32368","12,8","12,8"
"Invalid-300","0.26579","0,8","8,4"
"Invalid-100","0.3873","0,0","0,4"
"Invalid-100","0.38625","4,12","4,8"
"Invalid-100","0.50753","0,4","0,8"
"Valid-100","0.40797","12,4","12,4"
"Invalid-100","0.34732","12,4","0,12"
"Invalid-300","0.37858","4,8","12,12"
"Valid-300","0.24204","8,12","8,12"
"Valid-100","0.38454","12,4","12,4"
"Valid-100","0.42609","4,12","4,12"
"Valid-300","0.091254","0,0","0,0"
"Invalid-300","0.36219","8,0","8,8"
"Invalid-300","0.36819","0,8","12,12"
"Valid-300","0.17492","4,12","4,12"
"Invalid-300","0.27977","12,0","12,8"
"Invalid-100","0.39478","4,4","8,12"
"Invalid-300","0.3218","4,12","4,0"
"Invalid-100","0.36924","8,4","0,4"
"Invalid-100","0.24801","4,0","12,12"
"Valid-300","0.31934","12,12","12,12"
"Valid-100","0.30314","0,4","0,4"
"Invalid-100","0.35224","8,12","12,0"
"Invalid-100","0.31653","12,0","12,12"
"Valid-300","0.27039","12,4","12,4"
"Invalid-300","0.23469","12,4","8,12"
"Valid-300","0.32868","8,0","8,0"
"Invalid-100","0.29722","0,12","8,4"
"Invalid-100","0.3534","8,12","12,0"
"Invalid-300","0.30336","12,8","4,8"
"Invalid-300","0.13499","8,8","12,4"
"Valid-100","0.33527","8,4","8,4"
"Valid-100","0.32626","8,4","8,4"
"Valid-300","0.22825","4,4","4,4"
"Invalid-300","0.2389","12,4","4,0"
"Invalid-100","0.3261","12,12","12,0"
"Invalid-300","0.34962","12,0","4,4"
"Invalid-100","0.27837","4,0","12,12"
"Invalid-300","0.24132","12,4","8,12"
"Valid-100","0.3523","8,8","8,8"
"Invalid-100","0.36461","12,4","0,0"
"Invalid-300","0.20323","12,4","12,4"
"Valid-300","0.26037","4,12","4,12"
"Valid-100","0.36597","8,4","8,4"
"Invalid-100","0.27597","4,4","8,0"
"Invalid-300","0.25385","4,12","12,8"
"Invalid-100","0.27327","4,4","8,4"
"Valid-300","0.29328","12,8","12,8"
"Invalid-100","0.27579","8,12","4,0"
"Invalid-300","0.20971","8,0","8,0"
"Valid-300","0.24479","0,12","0,12"
"Invalid-100","0.35122","4,4","0,8"
"Invalid-100","0.33369","12,8","0,0"
"Invalid-100","0.3276","4,8","8,12"
"Invalid-100","0.34512","8,12","4,4"
"Valid-300","0.37801","4,0","4,0"
"Invalid-300","0.28278","12,0","4,4"
"Valid-100","0.36908","12,8","12,8"
"Valid-100","0.36812","0,12","0,12"
"Invalid-100","0.34127","0,4","4,12"
"Valid-300","0.36884","0,12","0,12"
"Valid-100","0.37639","0,8","0,8"
"Invalid-300","0.20467","8,8","12,0"
"Invalid-300","0.26571","8,12","8,12"
"Invalid-100","0.2902","4,0","4,4"
"Valid-100","0.28703","4,0","4,0"
"Valid-100","0.35524","12,4","12,4"
"Invalid-300","0.17012","4,4","4,4"
"Invalid-300","0.22942","8,8","12,4"
"Valid-100","0.28124","12,4","12,4"
"Invalid-300","0.20947","0,0","8,8"
"Valid-300","0.28297","4,0","4,0"
"Valid-300","0.2499","12,8","12,8"
"Invalid-100","0.31594","0,0","4,4"
"Valid-300","0.20861","12,0","12,0"
"Invalid-300","0.2238","8,4","4,8"
"Valid-300","0.21404","4,0","4,0"
"Valid-300","0.19443","0,4","0,4"
"Valid-300","0.28408","8,4","8,4"
"Invalid-300","0.13927","12,8","4,8"
"Invalid-100","0.34934","4,4","12,12"
"Invalid-100","0.30956","8,0","8,4"
"Invalid-300","0.1018","12,0","8,0"
"Invalid-100","0.36565","0,8","8,8"
"Valid-100","0.34192","4,0","4,0"
"Invalid-300","0.29265","0,0","0,12"
"Valid-100","0.36453","12,8","12,8"
"Valid-300","0.30851","8,4","8,4"
"Valid-300","0.2526","0,0","0,0"
"Valid-300","0.30303","0,8","0,8"
"Valid-100","0.36191","8,8","8,8"
"Valid-100","0.30144","0,12","0,12"
"Invalid-100","0.31319","0,12","12,8"
"Invalid-100","0.30834","8,8","12,8"
"Invalid-300","0.25333","0,8","0,8"
"Valid-100","0.36505","8,12","8,12"
"Valid-100","0.29129","8,12","8,12"
"Invalid-300","0.1696","12,12","12,4"
"Valid-300","0.17023","12,0","12,0"
"Valid-100","0.3603","4,12","4,12"
"Valid-300","0.10158","4,0","4,0"
"Valid-100","0.40292","12,12","12,12"
"Valid-300","0.27285","8,4","8,4"
"Invalid-300","0.2305","0,4","8,8"
"Invalid-300","0.27183","4,4","8,4"
"Invalid-300","0.23327","4,4","8,12"
"Valid-300","0.2715","8,12","8,12"
"Valid-100","0.34085","4,8","4,8"
"Invalid-300","0.26314","8,8","4,4"
"Invalid-100","0.3939","0,8","4,12"
"Invalid-300","0.20117","4,4","4,4"
"Invalid-100","0.31636","4,8","0,4"
"Valid-100","0.39392","0,0","0,0"
"Valid-100","0.3767","4,4","4,4"
"Invalid-100","0.4149","4,12","0,8"
"Invalid-300","0.2758","4,0","0,0"
"Valid-100","0.40718","12,12","12,12"
"Valid-100","0.3523","4,8","4,8"
"Valid-100","0.35124","0,0","0,0"
"Valid-100","0.38498","0,0","0,0"
"Valid-100","0.28146","4,12","4,12"
"Valid-300","0.15849","0,4","0,4"
"Invalid-300","0.25172","12,4","0,0"
"Invalid-100","0.34693","4,0","8,12"
"Valid-100","0.35499","4,12","4,12"
"Valid-100","0.33264","4,4","4,4"
"Invalid-300","0.062488","0,12","4,4"
"Invalid-300","0.22073","12,0","0,12"
"Invalid-300","0.31703","8,4","8,4"
"Valid-100","0.30133","8,12","8,12"
"Invalid-100","0.39025","12,12","4,8"
"Invalid-300","0.30899","12,4","4,4"
"Valid-300","0.36377","4,12","4,12"
"Invalid-300","0.24015","12,4","8,8"
"Invalid-300","0.28831","4,8","4,4"
"Valid-100","0.47963","12,4","12,4"
"Invalid-300","0.28848","8,12","0,4"
"Valid-100","0.36517","4,8","4,8"
"Invalid-100","0.33209","4,12","8,12"
"Valid-300","0.26981","0,12","0,12"
"Invalid-100","0.3563","4,12","0,0"
"Invalid-300","0.27626","0,4","12,0"
"Valid-300","0.19593","12,8","12,8"
"Invalid-100","0.43666","0,4","0,0"
"Invalid-100","0.50288","0,12","8,0"
"Valid-300","0.27234","8,8","8,8"
"Valid-100","0.32562","4,4","4,4"
"Invalid-300","0.20602","4,0","12,12"
"Valid-300","0.14099","8,8","8,8"
"Valid-100","0.58024","8,4","8,4"
"Invalid-100","0.3539","4,0","0,8"
"Valid-100","0.37811","0,4","0,4"
"Invalid-100","0.37119","8,4","8,0"
"Valid-100","0.40133","0,0","0,0"
"Invalid-100","0.38528","8,12","12,0"
"Invalid-100","0.37444","12,4","0,12"
"Invalid-300","0.2841","8,4","12,0"
"Invalid-100","0.46487","0,12","8,8"
"Valid-300","0.22706","8,0","8,0"
"Invalid-300","0.31735","8,4","4,8"
"Valid-100","0.51903","8,8","8,8"
"Invalid-300","0.31569","0,12","4,12"
"Invalid-300","0.37457","8,8","0,4"
"Invalid-100","0.5192","0,0","12,0"
"Invalid-100","0.37577","4,8","0,4"
"Invalid-100","0.36037","4,4","0,4"
"Valid-100","0.37611","4,4","4,4"
"Valid-100","0.44923","8,8","8,8"
"Valid-300","0.33296","8,8","8,8"
"Invalid-100","0.39337","0,0","8,8"
"Invalid-100","0.3639","0,12","8,4"
"Invalid-300","0.28733","0,0","12,0"
"Valid-300","0.25257","12,8","12,8"
"Invalid-300","0.4437","4,12","0,0"
"Valid-300","0.26629","12,0","12,0"
"Valid-100","0.35742","8,8","8,8"
"Invalid-100","0.37783","0,8","12,8"
"Valid-300","0.37768","12,4","12,4"
"Invalid-100","0.42868","8,0","8,8"
"Invalid-100","0.5142","12,8","12,0"
"Invalid-100","0.53119","0,8","8,12"
"Valid-300","0.40037","0,12","0,12"
"Valid-300","0.38069","8,12","8,12"
"Invalid-300","0.33771","12,8","12,12"
"Valid-300","0.34965","4,12","4,12"
"Valid-100","0.37544","12,12","12,12"
"Invalid-100","0.44231","0,8","8,12"
"Valid-300","0.37408","12,0","12,0"
"Invalid-100","0.44595","4,12","12,8"
"Valid-300","0.32317","12,4","12,4"
"Valid-100","0.34073","0,0","0,0"
"Valid-300","0.30792","12,8","12,8"
"Valid-100","0.47773","12,0","12,0"
"Invalid-100","0.43031","8,8","12,8"
"Invalid-100","0.42236","0,0","4,4"
"Valid-300","0.204","12,8","12,8"
"Invalid-100","0.40514","0,0","0,4"
"Valid-300","0.2729","8,4","8,4"
"Valid-100","0.34217","0,4","0,4"
"Invalid-300","0.23831","4,0","8,12"
"Valid-100","0.43347","0,12","0,12"
"Valid-300","0.25624","12,12","12,12"
"Invalid-300","0.23418","4,8","4,8"
"Invalid-300","0.24206","8,12","12,4"
"Valid-300","0.39485","4,8","4,8"
"Valid-100","0.31134","12,0","12,0"
"Invalid-100","0.33913","8,8","4,12"
"Invalid-300","0.2808","4,12","12,0"
"Invalid-300","0.31131","0,4","0,0"
"Invalid-300","0.28051","12,0","4,4"
"Invalid-100","0.30775","8,0","12,12"
"Valid-100","0.36732","4,8","4,8"
"Invalid-300","0.2405","8,8","0,0"
"Invalid-300","0.2284","4,4","0,12"
"Invalid-300","0.28536","12,0","8,12"
"Valid-300","0.29555","0,4","0,4"
"Invalid-300","0.20168","8,12","12,8"
"Valid-300","0.26316","12,0","12,0"
"Invalid-300","0.31902","4,4","4,0"
"Invalid-100","0.37674","0,0","8,0"
"Invalid-300","0.22654","8,12","12,0"
"Valid-300","0.29071","12,0","12,0"
"Valid-100","0.26598","12,0","12,0"
"Invalid-100","0.38828","0,12","8,8"
"Invalid-300","0.26548","8,12","8,12"
"Valid-300","0.25562","4,4","4,4"
"Valid-100","0.41608","8,0","8,0"
"Valid-100","0.38809","12,12","12,12"
"Valid-100","0.29336","4,0","4,0"
"Valid-300","0.30472","4,8","4,8"
"Invalid-100","0.3836","0,4","0,0"
"Invalid-100","0.32757","0,0","12,4"
"Invalid-100","0.36977","4,0","0,4"
"Invalid-100","0.34334","12,0","12,8"
"Invalid-100","0.3621","8,8","12,4"
"Valid-300","0.37959","12,12","12,12"
"Invalid-300","0.25637","12,12","4,4"
"Valid-300","0.36312","4,8","4,8"
"Valid-300","0.24555","12,4","12,4"
"Invalid-300","0.29357","4,8","12,0"
"Valid-300","0.42234","8,12","8,12"
"Valid-100","0.47248","4,12","4,12"
"Valid-100","0.36459","0,4","0,4"
"Valid-100","0.37932","4,0","4,0"
"Valid-300","0.26036","12,4","12,4"
"Valid-100","0.43824","0,12","0,12"
"Valid-300","0.25513","0,0","0,0"
"Valid-100","0.41234","0,8","0,8"
"Invalid-100","0.36257","8,0","12,12"
"Invalid-100","0.50595","4,4","0,12"
"Valid-100","0.39611","0,12","0,12"
"Valid-100","0.3519","8,8","8,8"
"Invalid-300","0.31445","12,8","12,0"
"Valid-100","0.42109","4,0","4,0"
"Valid-300","0.32241","0,0","0,0"
"Invalid-100","0.33559","12,12","4,0"
"Invalid-300","0.27598","8,4","0,4"
"Valid-300","0.28959","8,0","8,0"
"Invalid-300","0.26963","4,4","4,8"
"Valid-300","0.37576","0,4","0,4"
"Invalid-100","0.45209","8,8","12,12"
"Invalid-300","0.29358","12,0","0,8"
"Valid-100","0.40891","0,0","0,0"
"Valid-100","0.39209","8,8","8,8"
"Invalid-300","0.26885","4,4","8,12"
"Valid-100","0.37746","4,8","4,8"
"Invalid-300","0.34187","4,4","0,8"
"Invalid-300","0.27876","4,0","0,12"
"Invalid-300","0.24071","8,0","4,12"
"Invalid-300","0.2884","0,4","12,4"
"Invalid-300","0.36662","8,8","0,0"
"Invalid-100","0.40876","12,12","4,4"
"Invalid-300","0.26563","0,4","8,4"
"Invalid-300","0.23704","8,0","0,8"
"Invalid-100","0.49206","12,0","12,12"
"Invalid-300","0.32989","8,0","0,4"
"Valid-300","0.33383","4,0","4,0"
"Invalid-300","0.26469","12,4","12,4"
"Valid-300","0.31695","8,8","8,8"
"Valid-100","0.31479","12,8","12,8"
"Invalid-100","0.34204","12,4","0,12"
"Valid-100","0.35056","8,0","8,0"
"Valid-300","0.27389","0,4","0,4"
"Invalid-100","0.35296","0,0","4,4"
"Invalid-100","0.48415","4,4","8,8"
"Valid-100","0.42632","0,4","0,4"
"Invalid-100","0.39811","0,8","12,12"
"Invalid-300","0.30506","0,0","8,0"
"Invalid-300","0.27088","12,8","4,12"
"Valid-300","0.2593","4,12","4,12"
"Invalid-300","0.17946","4,12","12,12"
"Valid-100","0.40223","8,12","8,12"
"Invalid-100","0.38028","8,4","4,0"
"Invalid-100","0.39164","4,8","12,0"
"Invalid-300","0.27403","12,12","0,0"
"Valid-100","0.34857","8,12","8,12"
"Valid-300","0.32447","12,12","12,12"
"Invalid-300","0.26608","12,8","12,4"
"Valid-100","0.48968","4,4","4,4"
"Valid-100","0.37992","8,12","8,12"
"Invalid-100","0.47201","0,0","0,8"
"Invalid-300","0.33428","12,12","8,12"
"Invalid-300","0.41786","4,8","8,12"
"Invalid-300","0.32518","12,0","4,8"
"Invalid-100","0.40822","8,12","8,8"
"Valid-300","0.31652","12,12","12,12"
"Invalid-300","0.34292","0,8","0,12"
"Valid-300","0.2947","4,4","4,4"
"Invalid-100","0.43723","12,12","8,0"
"Valid-100","0.38863","12,4","12,4"
"Valid-100","0.42776","0,8","0,8"
"Invalid-100","0.47044","4,8","12,4"
"Valid-300","0.33377","0,12","0,12"
"Invalid-300","0.30648","0,4","0,4"
"Invalid-300","0.28244","4,0","4,8"
"Valid-100","0.37902","0,12","0,12"
"Invalid-100","0.31605","4,4","0,0"
"Valid-300","0.21816","12,0","12,0"
"Invalid-100","0.36333","12,0","12,0"
"Valid-300","0.26041","0,12","0,12"
"Invalid-100","0.29133","12,12","12,4"
"Invalid-300","0.26531","12,12","8,8"
"Invalid-100","0.36344","12,12","0,0"
"Valid-300","0.25916","4,12","4,12"
"Valid-100","0.24315","12,8","12,8"
"Invalid-300","0.29801","4,4","8,8"
"Valid-100","0.30821","12,0","12,0"
"Valid-300","0.28218","12,8","12,8"
"Valid-300","0.21201","0,0","0,0"
"Valid-300","0.38769","4,8","4,8"
"Valid-100","0.34139","12,12","12,12"
"Invalid-300","0.26397","12,8","4,8"
"Valid-300","0.27107","4,4","4,4"
"Valid-300","0.20745","8,0","8,0"
"Invalid-100","0.35035","8,0","4,4"
"Valid-300","0.2591","12,0","12,0"
"Valid-100","0.39321","12,8","12,8"
"Valid-300","0.28","8,8","8,8"
"Valid-100","0.33695","12,0","12,0"
"Valid-300","0.25232","4,0","4,0"
"Invalid-300","0.2343","0,8","12,4"
"Valid-300","0.23135","4,4","4,4"
"Valid-300","0.26402","0,4","0,4"
"Valid-300","0.33312","0,0","0,0"
"Valid-100","0.35583","12,8","12,8"
"Valid-300","0.28726","4,12","4,12"
"Invalid-300","0.26613","4,12","12,0"
"Invalid-100","0.35221","0,4","8,0"
"Invalid-300","0.29297","4,8","12,0"
"Invalid-300","0.26689","8,4","4,4"
"Invalid-300","0.22183","8,4","8,12"
"Valid-300","0.33631","12,4","12,4"
"Valid-300","0.25982","4,0","4,0"
"Valid-100","0.34633","12,4","12,4"
"Invalid-300","0.26979","4,8","4,8"
"Invalid-300","0.17349","8,4","12,0"
"Valid-100","0.38119","8,4","8,4"
"Valid-300","0.32172","0,12","0,12"
"Invalid-300","0.26464","8,12","8,0"
"Valid-300","0.28258","8,4","8,4"
"Invalid-300","0.2373","0,0","8,12"
"Invalid-300","0.3826","0,12","8,12"
"Invalid-300","0.25954","0,12","4,12"
"Valid-100","0.39958","0,0","0,0"
"Valid-100","0.35301","4,12","4,12"
"Valid-100","0.3865","8,4","8,4"
"Invalid-100","0.36294","4,12","12,4"
"Valid-300","0.23689","4,4","4,4"
"Invalid-300","0.1763","8,8","0,8"
"Invalid-300","0.40314","12,0","0,12"
"Invalid-100","0.33065","4,0","8,8"
"Valid-300","0.32257","0,0","0,0"
"Valid-300","0.25911","8,8","8,8"
"Valid-100","0.36566","4,4","4,4"
"Valid-300","0.3576","8,12","8,12"
"Valid-300","0.35025","0,8","0,8"
"Valid-300","0.276","4,4","4,4"
"Valid-300","0.25045","12,12","12,12"
"Valid-100","0.44081","12,4","12,4"
"Valid-300","0.28437","0,0","0,0"
"Invalid-300","0.26539","12,0","4,0"
"Valid-100","0.36268","4,12","4,12"
"Invalid-100","0.46778","8,0","0,0"
"Valid-100","0.35997","4,4","4,4"
"Invalid-100","0.44878","8,0","12,0"
"Invalid-300","0.27669","0,12","8,8"
"Valid-300","0.25598","8,12","8,12"
"Valid-100","0.50461","8,0","8,0"
"Valid-100","0.35375","12,4","12,4"
"Valid-100","0.36029","4,12","4,12"
"Valid-100","0.34999","12,4","12,4"
"Valid-300","0.29474","8,8","8,8"
"Invalid-300","0.30024","8,4","0,12"
"Invalid-100","0.34041","12,8","8,4"
"Valid-300","0.27532","0,0","0,0"
"Invalid-300","0.25456","8,0","4,4"
"Valid-100","0.39956","0,8","0,8"
"Invalid-300","0.27332","8,8","8,4"
"Invalid-300","0.33596","4,8","8,12"
"Valid-100","0.39028","12,0","12,0"
"Invalid-300","0.28176","0,0","12,4"
"Invalid-100","0.39431","12,12","0,4"
"Invalid-300","0.23356","12,8","4,12"
"Invalid-100","0.59274","0,0","12,8"
"Valid-300","0.27409","12,8","12,8"
"Invalid-100","0.33135","8,12","8,4"
"Valid-300","0.25264","12,12","12,12"
"Invalid-100","0.32056","4,4","4,12"
"Invalid-300","0.30854","8,4","12,4"
"Invalid-100","0.39374","8,0","8,4"
"Valid-100","0.37179","0,8","0,8"
"Valid-100","0.39898","0,4","0,4"
"Valid-100","0.3669","8,8","8,8"
"Valid-300","0.29383","12,8","12,8"
"Invalid-100","0.37938","12,4","8,4"
"Invalid-100","0.45721","12,4","4,12"
"Valid-100","0.37498","12,0","12,0"
"Invalid-300","0.3777","4,12","4,8"
"Valid-100","0.43592","4,12","4,12"
"Valid-100","0.35705","12,4","12,4"
"Invalid-300","0.28241","4,12","4,0"
"Invalid-100","0.36254","8,8","8,4"
"Invalid-100","0.47385","0,12","0,12"
"Valid-100","0.30699","12,8","12,8"
"Valid-100","0.4119","12,8","12,8"
"Invalid-300","0.35856","8,12","0,12"
"Valid-100","0.39922","0,12","0,12"
"Valid-300","0.34664","8,4","8,4"
"Valid-300","0.27068","0,8","0,8"
"Valid-100","0.35242","8,8","8,8"
"Valid-100","0.33995","0,8","0,8"
"Valid-100","0.39564","12,12","12,12"
"Valid-100","0.29711","0,0","0,0"
"Invalid-300","0.37491","0,8","8,4"
"Valid-300","0.36436","8,0","8,0"
"Invalid-100","0.36271","4,0","8,4"
"Valid-100","0.32957","0,8","0,8"
"Invalid-300","0.38656","0,12","12,0"
"Valid-300","0.39968","0,8","0,8"
"Invalid-100","0.27042","8,4","8,0"
"Valid-300","0.306","8,12","8,12"
"Invalid-300","0.24101","4,12","12,4"
"Invalid-100","0.32984","8,0","12,0"
"Valid-300","0.2935","0,0","0,0"
"Invalid-100","0.37722","12,0","0,0"
"Valid-100","0.39043","12,4","12,4"
"Valid-300","0.26826","4,12","4,12"
"Valid-300","0.29191","0,0","0,0"
"Valid-300","0.24626","12,12","12,12"
"Valid-300","0.33739","8,4","8,4"
"Valid-300","0.38564","0,0","0,0"
"Valid-300","0.35601","0,8","0,8"
"Invalid-300","0.2695","12,8","4,0"
"Valid-300","0.24698","4,12","4,12"
"Valid-300","0.31107","12,4","12,4"
"Invalid-100","0.35631","12,0","0,8"
"Invalid-100","0.37616","4,12","4,4"
"Valid-300","0.29828","4,12","4,12"
"Invalid-100","0.37992","0,8","4,12"
"Valid-100","0.40336","4,12","4,12"
"Valid-100","0.43846","8,8","8,8"
"Valid-100","0.35555","0,4","0,4"
"Valid-300","0.35548","4,12","4,12"
"Valid-100","0.31722","12,8","12,8"
"Invalid-100","0.34309","12,4","12,8"
"Invalid-300","0.35431","12,12","0,4"
"Invalid-100","0.33157","4,0","0,4"
"Valid-300","0.30557","8,12","8,12"
"Valid-300","0.30757","0,0","0,0"
"Valid-300","0.34174","12,0","12,0"
"Invalid-100","0.34888","8,4","0,12"
"Invalid-300","0.27659","4,12","4,8"
"Valid-300","0.26381","0,8","0,8"
"Valid-300","0.24144","4,8","4,8"
"Invalid-300","0.23896","4,0","12,12"
"Valid-100","0.37318","0,4","0,4"
"Valid-300","0.24941","12,12","12,12"
"Invalid-300","0.34468","0,12","4,0"
"Valid-300","0.2715","8,12","8,12"
"Invalid-300","0.31927","8,0","4,8"
"Valid-300","0.26363","0,8","0,8"
"Invalid-300","0.26459","4,8","4,8"
"Valid-100","0.35096","12,8","12,8"
"Invalid-300","0.29684","0,8","0,12"
"Valid-300","0.30485","8,4","8,4"
"Invalid-100","0.31791","4,4","12,0"
"Invalid-100","0.35765","4,8","0,4"
"Invalid-100","0.36292","4,8","12,4"
"Invalid-100","0.35831","0,0","4,4"
"Valid-100","0.33041","8,0","8,0"
"Valid-100","0.32938","12,8","12,8"
"Valid-100","0.3134","4,0","4,0"
"Valid-300","0.29259","8,0","8,0"
"Invalid-300","0.2658","0,0","8,12"
"Valid-300","0.3412","12,8","12,8"
"Invalid-100","0.3445","12,4","4,8"
"Invalid-100","0.44723","4,0","12,4"
"Valid-100","0.26784","4,0","4,0"
"Valid-300","0.40639","4,4","4,4"
"Valid-100","0.34618","4,8","4,8"
"Valid-300","0.36098","12,8","12,8"
"Valid-100","0.29492","4,8","4,8"
"Valid-300","0.24832","0,0","0,0"
"Invalid-300","0.28063","4,4","0,12"
"Valid-300","0.28957","12,8","12,8"
"Invalid-300","0.3237","0,8","0,4"
"Invalid-100","0.42498","8,8","0,4"
"Invalid-300","0.25348","0,12","12,12"
"Valid-100","0.35368","4,4","4,4"
"Valid-100","0.33091","8,8","8,8"
"Valid-300","0.33538","8,0","8,0"
"Invalid-300","0.33407","0,0","8,0"
"Valid-100","0.29815","12,4","12,4"
"Invalid-300","0.25113","0,4","8,4"
"Valid-300","0.28331","12,12","12,12"
"Valid-300","0.21797","4,4","4,4"
"Valid-300","0.30133","12,8","12,8"
"Valid-100","0.30164","8,12","8,12"
"Invalid-100","0.31451","8,4","8,12"
"Invalid-300","0.13283","12,4","12,4"
"Invalid-300","0.22922","12,0","0,12"
"Valid-100","0.3103","0,12","0,12"
"Valid-100","0.36189","0,0","0,0"
"Valid-100","0.29411","4,4","4,4"
"Invalid-300","0.17337","8,12","4,12"
"Invalid-300","0.24901","4,8","4,8"
"Valid-300","0.077526","0,4","0,4"
"Invalid-100","0.45624","12,8","8,4"
"Invalid-100","0.29375","8,8","4,0"
"Valid-100","0.36741","12,0","12,0"
"Invalid-100","0.34329","4,12","8,8"
"Invalid-100","0.32979","12,4","4,4"
"Invalid-100","0.35027","8,0","12,8"
"Valid-300","0.21182","4,0","4,0"
"Valid-100","0.34758","4,0","4,0"
"Valid-100","0.34523","0,8","0,8"
"Invalid-100","0.33289","12,4","12,8"
"Invalid-300","0.27477","8,0","12,0"
"Valid-300","0.29057","0,4","0,4"
"Valid-300","0.24717","12,0","12,0"
"Valid-300","0.21816","12,4","12,4"
"Valid-300","0.28717","0,12","0,12"
"Invalid-100","0.3242","0,0","8,0"
"Valid-300","0.29405","8,8","8,8"
"Valid-100","0.33271","4,4","4,4"
"Valid-100","0.32768","4,4","4,4"
"Invalid-300","0.35495","8,8","0,8"
"Invalid-300","0.25864","0,12","0,0"
"Invalid-300","0.26908","0,12","0,4"
"Valid-100","0.37517","12,4","12,4"
"Invalid-100","0.32389","4,8","8,12"
"Valid-300","0.24728","8,4","8,4"
"Valid-100","0.31446","4,4","4,4"
"Valid-100","0.3166","8,0","8,0"
"Invalid-300","0.14671","8,4","0,8"
"Valid-100","0.3805","12,0","12,0"
"Invalid-300","0.1446","12,8","0,12"
"Invalid-300","0.25434","8,12","4,12"
"Valid-300","0.25739","12,12","12,12"
"Invalid-300","0.27209","12,12","0,12"
"Valid-300","0.26203","4,12","4,12"
"Invalid-300","0.58059","4,0","8,0"
"Valid-100","0.37407","8,12","8,12"
"Invalid-300","0.25557","0,0","4,4"
"Valid-100","0.28899","12,12","12,12"
"Valid-100","0.46877","12,8","12,8"
"Invalid-300","0.40663","12,4","4,0"
"Invalid-100","0.35789","0,8","8,4"
"Valid-100","0.40507","12,12","12,12"
"Invalid-300","0.30408","8,0","4,12"
"Invalid-100","0.36583","8,8","0,4"
"Invalid-300","0.33866","12,12","0,0"
"Invalid-100","0.43562","8,12","0,8"
"Invalid-100","0.35571","0,12","0,0"
"Invalid-100","0.4137","4,12","0,4"
"Valid-300","0.36838","4,8","4,8"
"Invalid-300","0.30926","0,4","4,4"
"Valid-100","0.31948","4,4","4,4"
"Valid-300","0.4351","0,4","0,4"
"Valid-300","0.3406","0,0","0,0"
"Valid-300","0.32779","12,0","12,0"
"Invalid-300","0.26925","8,4","8,0"
"Invalid-300","0.37393","8,8","0,12"
"Invalid-300","0.19695","0,0","8,0"
"Valid-300","0.3364","4,0","4,0"
"Invalid-100","0.34041","4,8","0,4"
"Valid-100","0.3398","4,8","4,8"
"Invalid-100","0.35459","4,0","12,0"
"Invalid-300","0.36714","8,12","4,8"
"Invalid-300","0.38209","4,4","12,0"
"Invalid-300","0.37452","4,0","8,0"
"Invalid-300","0.40996","8,12","12,12"
"Valid-300","0.27475","12,0","12,0"
"Invalid-100","0.37586","4,8","12,4"
"Valid-100","0.37898","0,12","0,12"
"Valid-300","0.38814","4,0","4,0"
"Valid-300","0.2586","0,12","0,12"
"Invalid-100","0.31755","12,4","4,4"
"Invalid-300","0.29278","0,0","8,8"
"Valid-100","0.37359","0,0","0,0"
"Invalid-300","0.38006","8,12","12,8"
"Valid-100","0.31827","12,8","12,8"
"Invalid-300","0.31354","8,12","0,8"
"Invalid-300","0.18934","12,8","0,4"
"Valid-300","0.23437","0,8","0,8"
"Invalid-100","0.32305","12,8","4,8"
"Valid-100","0.36527","4,0","4,0"
"Invalid-300","0.099147","0,8","8,8"
"Invalid-300","0.23934","0,0","0,12"
"Invalid-300","0.26453","4,4","4,12"
"Invalid-100","0.32218","4,8","12,4"
"Valid-100","0.31436","12,12","12,12"
"Invalid-100","0.36568","0,0","12,8"
"Valid-100","0.34486","4,8","4,8"
"Invalid-100","0.33309","8,8","12,4"
"Invalid-300","0.33351","12,0","8,0"
"Invalid-300","0.2522","8,0","0,12"
"Valid-100","0.36066","4,12","4,12"
"Valid-300","0.11654","12,12","12,12"
"Valid-100","0.38071","4,8","4,8"
"Valid-100","0.32183","8,12","8,12"
"Valid-100","0.35493","0,12","0,12"
"Invalid-100","0.34186","0,12","0,8"
"Invalid-300","0.27549","4,4","4,8"
"Valid-300","0.095807","0,8","0,8"
"Invalid-100","0.4005","12,4","0,12"
"Valid-100","0.45836","0,4","0,4"
"Invalid-100","0.37765","8,0","8,4"
"Invalid-100","0.33455","8,4","8,8"
"Invalid-300","0.24752","12,4","12,4"
"Valid-100","0.3156","4,0","4,0"
"Valid-300","0.28167","0,12","0,12"
"Invalid-300","0.22793","4,12","8,4"
"Valid-300","0.33212","8,12","8,12"
"Valid-300","0.31179","4,0","4,0"
"Invalid-300","0.29978","4,0","4,8"
"Invalid-100","0.37705","0,8","8,4"
"Invalid-300","0.374","12,8","0,4"
"Valid-300","0.35699","8,0","8,0"
"Valid-300","0.25827","4,8","4,8"
"Valid-300","0.33405","4,0","4,0"
"Valid-100","0.31841","8,0","8,0"
"Valid-300","0.36584","0,8","0,8"
"Invalid-300","0.35682","4,8","0,4"
"Invalid-300","0.25029","0,8","12,4"
"Invalid-300","0.23158","12,0","0,12"
"Invalid-300","0.30152","8,12","4,0"
"Invalid-100","0.36132","12,4","12,0"
"Valid-300","0.2935","12,4","12,4"
"Invalid-100","0.37661","4,4","8,0"
"Invalid-100","0.526","0,12","12,4"
"Invalid-100","0.38964","8,12","4,0"
"Invalid-300","0.31585","4,12","12,0"
"Invalid-300","0.34441","4,0","4,4"
"Valid-100","0.37735","4,8","4,8"
"Invalid-300","0.25659","0,4","8,0"
"Valid-300","0.3648","8,12","8,12"
"Valid-300","0.38466","4,0","4,0"
"Valid-300","0.25329","0,4","0,4"
"Valid-100","0.39792","0,4","0,4"
"Valid-300","0.31918","8,4","8,4"
"Valid-300","0.26826","0,4","0,4"
"Invalid-100","0.34752","8,4","0,8"
"Valid-100","0.41632","0,4","0,4"
"Invalid-100","0.44694","4,8","0,4"
"Valid-100","0.47752","8,4","8,4"
"Invalid-300","0.26349","0,8","12,0"
"Invalid-100","0.40898","0,12","12,8"
"Invalid-300","0.26605","0,0","12,12"
"Valid-100","0.3545","8,4","8,4"
"Invalid-300","0.23036","4,8","8,4"
"Valid-300","0.24351","4,8","4,8"
"Invalid-100","0.35448","0,0","12,0"
"Valid-100","0.43439","12,8","12,8"
"Invalid-100","0.36623","8,4","12,0"
"Valid-100","0.35517","0,8","0,8"
"Valid-100","0.39737","12,12","12,12"
"Valid-300","0.245","8,12","8,12"
"Valid-100","0.3464","8,0","8,0"
"Invalid-100","0.38286","4,4","4,0"
"Valid-100","0.35534","8,8","8,8"
"Invalid-300","0.29082","12,4","0,4"
"Invalid-300","0.21997","8,8","12,12"
"Invalid-100","0.49754","8,4","0,0"
"Valid-100","0.42953","8,8","8,8"
"Invalid-300","0.36508","4,12","12,4"
"Invalid-300","0.29871","12,12","0,4"
"Valid-300","0.54503","8,12","8,12"
"Invalid-300","0.44495","12,4","4,8"
"Invalid-300","0.38697","8,0","8,8"
"Valid-300","0.44885","0,8","0,8"
"Invalid-100","0.42798","0,12","0,8"
"Invalid-300","0.37098","4,8","0,0"
"Invalid-300","0.34865","12,4","4,8"
"Valid-100","0.59302","0,0","0,0"
"Valid-100","0.66571","12,12","12,12"
"Valid-300","0.35067","8,4","8,4"
"Invalid-300","0.35053","8,0","4,8"
"Invalid-300","0.3482","0,0","12,12"
"Valid-100","0.51675","4,4","4,4"
"Valid-100","0.40662","8,12","8,12"
"Valid-100","0.49904","8,12","8,12"
"Valid-300","0.26977","4,12","4,12"
"Invalid-300","0.43335","4,0","0,4"
"Valid-100","0.39627","8,4","8,4"
"Valid-300","0.31685","12,12","12,12"
"Valid-100","0.44517","12,0","12,0"
"Valid-300","0.37257","12,4","12,4"
"Invalid-100","0.46545","8,8","0,12"
"Valid-100","0.52843","12,8","12,8"
"Valid-300","0.43052","4,12","4,12"
"Invalid-100","0.33066","12,0","12,0"
"Valid-300","0.2629","0,4","0,4"
"Valid-100","0.43456","8,4","8,4"
"Invalid-100","0.47559","8,0","12,12"
"Invalid-100","0.39878","4,12","12,0"
"Invalid-100","0.36624","8,0","0,8"
"Valid-300","0.34937","8,0","8,0"
"Valid-100","0.36886","0,12","0,12"
"Invalid-100","0.33317","12,0","0,12"
"Valid-100","0.33048","0,12","0,12"
"Invalid-100","0.40314","12,4","8,12"
"Valid-100","0.42421","4,0","4,0"
"Invalid-100","0.36699","12,4","0,0"
"Valid-300","0.42029","8,8","8,8"
"Valid-300","0.39977","4,12","4,12"
"Valid-300","0.27543","12,0","12,0"
"Valid-100","0.47874","0,0","0,0"
"Valid-100","0.39623","4,8","4,8"
"Invalid-300","0.36163","12,4","0,4"
"Valid-100","0.40818","4,0","4,0"
"Invalid-100","0.46587","12,8","8,12"
"Valid-300","0.34663","8,12","8,12"
"Valid-100","0.40107","4,12","4,12"
"Valid-100","0.41855","4,4","4,4"
"Valid-100","0.38833","8,0","8,0"
"Invalid-300","0.29457","12,0","12,0"
"Invalid-100","0.37155","4,0","0,4"
"Invalid-300","0.33246","8,0","4,12"
"Valid-100","0.36333","8,0","8,0"
"Invalid-100","0.37361","8,8","8,0"
"Invalid-100","0.35912","0,4","4,8"
"Valid-100","0.34364","8,8","8,8"
"Valid-300","0.28651","4,8","4,8"
"Invalid-100","0.34404","12,12","4,12"
"Invalid-300","0.29808","12,4","0,4"
"Invalid-100","0.36256","8,0","0,0"
"Invalid-100","0.38808","0,12","4,8"
"Valid-100","0.32823","0,0","0,0"
"Invalid-300","0.31126","0,4","12,8"
"Invalid-100","0.40216","4,12","8,12"
"Valid-300","0.27153","4,4","4,4"
"Invalid-100","0.4361","12,0","12,8"
"Valid-100","0.4043","0,12","0,12"
"Valid-300","0.28609","8,0","8,0"
"Invalid-300","0.31708","0,4","4,0"
"Valid-300","0.31436","0,4","0,4"
"Invalid-300","0.24874","12,0","4,4"
"Invalid-100","0.37056","4,8","0,12"
"Valid-100","0.44024","8,0","8,0"
"Invalid-100","0.53082","4,12","12,4"
"Invalid-300","0.35413","0,12","0,0"
"Valid-300","0.24812","0,4","0,4"
"Invalid-100","0.38758","8,4","0,4"
"Valid-300","0.27666","12,0","12,0"
"Invalid-300","0.32568","0,0","12,4"
"Invalid-100","0.36646","0,4","8,4"
"Valid-100","0.44944","12,8","12,8"
"Valid-300","0.31158","0,12","0,12"
"Valid-300","0.34564","8,8","8,8"
"Invalid-300","0.34189","0,12","12,0"
"Invalid-100","0.55704","12,8","4,12"
"Invalid-300","0.31467","0,4","8,8"
"Valid-300","0.36553","0,0","0,0"
"Invalid-300","0.42561","12,12","4,12"
"Valid-300","0.37022","0,12","0,12"
"Invalid-100","0.46108","12,0","0,8"
"Invalid-100","0.45955","12,4","12,8"
"Invalid-100","0.42174","12,12","0,4"
"Invalid-100","0.53129","0,12","12,12"
"Valid-100","0.33456","4,0","4,0"
"Invalid-100","0.45902","12,0","4,12"
"Invalid-300","0.36574","0,4","8,12"
"Valid-100","0.37264","8,4","8,4"
"Valid-100","0.42258","4,12","4,12"
"Invalid-100","0.45716","12,8","0,0"
"Invalid-300","0.26537","0,12","4,4"
"Invalid-300","0.28231","4,0","8,4"
"Valid-100","0.40811","8,8","8,8"
"Invalid-300","0.28324","4,0","8,12"
"Invalid-300","0.32612","12,12","12,8"
"Invalid-100","0.44254","0,4","4,8"
"Valid-100","0.40426","0,12","0,12"
"Invalid-100","0.40397","12,0","4,8"
"Invalid-300","0.39523","4,8","12,12"
"Invalid-100","0.369","4,8","12,4"
"Invalid-300","0.35435","8,4","12,0"
"Valid-300","0.25805","4,0","4,0"
"Invalid-300","0.33295","4,8","4,12"
"Invalid-300","0.3537","8,4","4,0"
"Valid-100","0.37375","4,8","4,8"
"Valid-100","0.4363","4,12","4,12"
"Valid-300","0.32244","4,12","4,12"
"Invalid-300","0.30841","4,12","4,0"
"Invalid-300","0.34427","4,0","0,8"
"Valid-300","0.253","8,8","8,8"
"Invalid-100","0.42639","0,0","12,8"
"Invalid-300","0.33188","0,4","12,4"
"Invalid-100","0.45178","0,4","4,0"
"Valid-300","0.32769","12,4","12,4"
"Invalid-100","0.39412","0,0","8,12"
"Valid-100","0.35971","4,8","4,8"
"Valid-300","0.26205","8,4","8,4"
"Invalid-100","0.41504","4,12","4,12"
"Invalid-100","0.43361","0,4","12,12"
"Invalid-100","0.36327","4,8","4,8"
"Invalid-100","0.40392","12,12","12,4"
"Valid-100","0.39571","0,0","0,0"
"Valid-300","0.29095","0,8","0,8"
"Invalid-300","0.27166","0,8","0,8"
"Invalid-300","0.25802","0,0","0,8"
"Valid-300","0.25344","8,12","8,12"
"Invalid-300","0.26475","12,0","12,12"
"Valid-300","0.34163","4,4","4,4"
"Valid-100","0.41214","8,12","8,12"
"Invalid-300","0.34946","12,8","12,12"
"Valid-300","0.27235","12,12","12,12"
"Invalid-100","0.33205","0,0","12,0"
"Invalid-300","0.26747","12,12","8,4"
"Invalid-300","0.26242","8,8","4,0"
"Invalid-100","0.34762","12,8","12,0"
"Invalid-100","0.33049","0,8","4,8"
"Valid-300","0.28534","0,8","0,8"
"Invalid-300","0.27793","8,8","8,12"
"Invalid-100","0.34558","12,12","12,0"
"Invalid-100","0.36045","12,4","12,12"
"Invalid-300","0.26045","4,4","4,12"
"Invalid-100","0.38956","12,0","0,8"
"Valid-300","0.25346","8,0","8,0"
"Invalid-100","0.39685","12,0","12,12"
"Invalid-100","0.39919","4,0","12,12"
"Valid-100","0.39012","12,0","12,0"
"Invalid-100","0.34292","8,4","4,12"
"Invalid-300","0.25841","0,4","12,0"
"Valid-300","0.38165","8,8","8,8"
"Invalid-300","0.28882","12,4","8,12"
"Invalid-300","0.35363","4,12","4,12"
"Valid-300","0.36893","4,12","4,12"
"Valid-300","0.36904","4,4","4,4"
"Valid-300","0.35083","12,8","12,8"
"Valid-300","0.35441","0,4","0,4"
"Invalid-100","0.39792","4,4","8,12"
"Valid-100","0.5998","12,12","12,12"
"Invalid-100","0.40107","4,12","8,12"
"Valid-300","0.30131","4,0","4,0"
"Invalid-100","0.39463","0,8","4,8"
"Valid-300","0.2739","12,12","12,12"
"Invalid-100","0.39326","0,4","0,8"
"Valid-300","0.3407","12,0","12,0"
"Valid-100","0.43866","0,8","0,8"
"Valid-300","0.38443","8,4","8,4"
"Valid-100","0.45655","8,8","8,8"
"Valid-100","0.34049","0,0","0,0"
"Invalid-300","0.27123","0,4","0,8"
"Invalid-100","0.45685","0,8","8,0"
"Invalid-300","0.27053","12,0","0,12"
"Invalid-100","0.44871","0,4","0,4"
"Valid-300","0.35858","12,0","12,0"
"Invalid-300","0.2839","8,4","0,8"
"Invalid-100","0.4951","12,12","8,4"
"Invalid-100","0.35515","8,8","0,12"
"Invalid-300","0.31938","4,8","4,4"
"Valid-300","0.30314","8,0","8,0"
"Valid-300","0.4504","8,4","8,4"
"Invalid-300","0.26603","12,8","4,8"
"Invalid-100","0.3435","0,8","8,12"
"Valid-300","0.33842","0,8","0,8"
"Valid-300","0.20823","0,8","0,8"
"Valid-100","0.35877","0,12","0,12"
"Valid-100","0.32956","12,4","12,4"
"Valid-100","0.34926","0,12","0,12"
"Invalid-100","0.30369","0,12","8,12"
"Valid-300","0.072961","8,4","8,4"
"Valid-100","0.46089","8,12","8,12"
"Invalid-300","0.31893","8,12","4,4"
"Invalid-100","0.41629","0,8","0,8"
"Valid-100","0.45268","0,8","0,8"
"Invalid-100","0.44052","4,0","0,8"
"Valid-100","0.40564","0,8","0,8"
"Valid-100","0.43081","8,12","8,12"
"Valid-100","0.57519","8,4","8,4"
"Invalid-300","0.40165","4,12","4,8"
"Invalid-100","0.38837","8,12","4,8"
"Invalid-300","0.28616","4,12","4,8"
"Invalid-300","0.33341","4,4","0,12"
"Invalid-300","0.29469","0,12","12,12"
"Invalid-100","0.39885","4,8","12,12"
"Invalid-300","0.3466","12,12","12,12"
